愛用者続出の新型VAPE「香りを味わう新しいリフレッシュ」Parfum,faeIlj3NifM,200x200
愛用者続出の新型VAPE「香りを味わう新しいリフレッシュ」Parfum,hB2Kfzo2rZs,200x200
ニコチン・タール0の大人気VAPE！Parfum（パルファン）,dTcE0wdg1QU,250x250
ニコチン・タール0の大人気VAPE！Parfum（パルファン）,HKr0rT0-ayQ,250x250
キャリートのHPはこちら,6sVFNEgVL4A,250x250
GPS発信機、小型GPSでの追跡機をレンタル・販売しているミマモルGPS,ewIA8_YGqUQ,300x250
GPS発信機、小型GPSでの追跡機をレンタル・販売しているミマモルGPS,LodEqDSwk-I,250x250
GPS発信機、小型GPSでの追跡機をレンタル・販売しているミマモルGPS,IxsOUE2QvcI,250x250
Moroccanoil（モロッカンオイル）/化粧品通販ブランドコスメ,nLmaKx3upNo,300x250
Schwarzkopf（シュワルツコフ）/化粧品通販ブランドコスメ,BFVpIN47Zws,300x250
L'Occitane（ロクシタン）/化粧品通販ブランドコスメ,0UekKCsgahc,300x250
Kerastase（ケラスターゼ）/化粧品通販ブランドコスメ,xg0nDb9km_w,300x250
Chloe（クロエ）/化粧品通販ブランドコスメ,j3gx2Su9rIg,300x250
Aveda（アヴェダ）/化粧品通販ブランドコスメ,3qV2WW_76YA,300x250
Stila（スティラ）/化粧品通販ブランドコスメ,Rsn3EL27Lfo,300x250
SUQQU（スック）/化粧品通販ブランドコスメ,8b_QHHc4bIk,300x250
Sabon（サボン）/化粧品通販ブランドコスメ,ywlUMlB8Ppg,300x250
ADDICTION（アディクション）/化粧品通販ブランドコスメ,lv2i0kzNerY,300x250
NYX（ニックス）/化粧品通販ブランドコスメ,1AiHuDkfTUM,300x250
Gucci（グッチ）/化粧品通販ブランドコスメ,zHsBvQf6cww,300x250
Cle De Peau（クレ・ド・ポー）/化粧品通販ブランドコスメ,6FmVoBDOdyc,300x250
Sisley（シスレー）/化粧品通販ブランドコスメ,dSDksBP-EyM,300x250
John Masters Organics（ジョンマスターオーガニック）/化粧品通販ブランドコスメ,IcxaJUQeBYA,300x250
Helena Rubinstein（ヘレナ ルビンスタイン）/化粧品通販ブランドコスメ,w_cXWka4r6A,300x250
Jo Malone（ジョーマローン）/化粧品通販ブランドコスメ,cRmDFDwtiHA,300x250
Aesop（イソップ）/化粧品通販ブランドコスメ,wRppteOeFXk,300x250
Lancome（ランコム）/化粧品通販ブランドコスメ,42h680tQoLs,300x250
Givenchy（ジバンシィ）/化粧品通販ブランドコスメ,IfT9W3BV33M,300x250
Chanel（シャネル）/化粧品通販ブランドコスメ,KkLx7E6KOAQ,300x250
Elizabeth Arden（エリザベスアーデン）/化粧品通販ブランドコスメ,f3uMlKRjko8,300x250
Clarins（クラランス）/化粧品通販ブランドコスメ,V9bs328f1VQ,300x250
Shiseido（資生堂）/化粧品通販ブランドコスメ,UlTM7CVTUbg,300x250
Burberry（バーバリー）/化粧品通販ブランドコスメ,JmBOlBaEjlQ,300x250
BareMinerals（ベアミネラル）/化粧品通販ブランドコスメ,VoCiLQG8NoA,300x250
Kiehl's（キールズ）/化粧品通販ブランドコスメ,Kv2EbM-y0KE,300x250
THREE（スリー ）/化粧品通販ブランドコスメ,owzf4pWImGs,300x250
Tom Ford（トム フォード）/化粧品通販ブランドコスメ,31nIW9e-4s4,300x250
Christian Dior（クリスチャン ディオール）/化粧品通販ブランドコスメ,xt4eAxn9PBs,300x250
Laura Mercier（ローラ メルシエ）/化粧品通販ブランドコスメ,ulrnxlPvC5A,300x250
Lanvin（ランバン）/化粧品通販ブランドコスメ,Z0DYahXweFg,300x250
Guerlain（ゲラン）/化粧品通販ブランドコスメ,LM7hWqlFW-k,300x250
Estee Lauder（エスティ ローダー）/化粧品通販ブランドコスメ,I7uBtTtYxMI,300x250
De La Mer（ドゥ・ラ・メール）,tgLQ7JyJ-LM,300x250
Clinique（クリニーク）,Fyc2QQ8nV5U,300x250
RMK（アールエムケー）/化粧品通販ブランドコスメ,RTJNWPbVyOQ,300x250
お得なコフレ・セット商品/化粧品通販ブランドコスメ,aOhL3vc7uu8,300x250
Yves Saint Laurent（イヴ・サンローラン）/化粧品通販ブランドコスメ,e7pmm9i63ig,300x250
StudioJohnny,ppZrnLx1RjM,250x250
StudioJohnny,4SI-yaerWrg,250x250
Bobbi Brown（ボビイ ブラウン）/化粧品通販ブランドコスメ,Hz8G6kwQKpg,300x250
"3,000円以下で買える！お手頃デパコス特集/化粧品通販ブランドコスメ",Tx-SJ4I8mRc,300x250
就職・昇進でTOEIC600点以上を目指す人のオンライン英会話,3NOShQneges,250x250
Shu Uemura（シュウウエムラ）/化粧品通販ブランドコスメ,yvxWfN596ZE,600x500
SK II（エスケーツー）/化粧品通販ブランドコスメ,uCEtMKZWj_w,600x500
MAC（マック）/化粧品通販ブランドコスメ,A6RQi3JYzT0,600x500
マスカラベストセラー/化粧品通販ブランドコスメ,qGV2gngWrFY,300x250
ベースメイクベストセラー/化粧品通販ブランドコスメ,iZs69ZLFRII,300x250
マンスリーセール/化粧品通販ブランドコスメ,yhHQ-iBS5j0,300x250
週末セール/化粧品通販ブランドコスメ,ZmHGmo4cVBg,300x250
リップベストセラー/化粧品通販ブランドコスメ,VGFGKk-SKko,300x250
ご購入はこちら,j-5pn5UMYDE,300x250
ヴォリュプテ ティントインバーム/化粧品通販ブランドコスメ,Xvn9CY6s8L0,500x500
エクラ ドゥ アルページュ オードパルファムスプレー/化粧品通販ブランドコスメ,XziOMaCfTTY,500x500
ブルーライトの光ダメージからお肌を守る,FhtbhCj_VlA,300x250
NARS（ナーズ）/化粧品通販ブランドコスメ,ZJy1b_FhXTM,600x500
ADDICTION/アディクション,p24i9QeiPHU,600x500
Fiberwig超ロングマスカラE-＃ナチュラルブラウン/化粧品通販ブランドコスメ,xhih2X_vLqM,500x500
ルージュヴォルプテロックンシャインリップスティック/化粧品通販ブランドコスメ,oMvC3oL8bCs,500x500
ディオールアディクトステラグロス/化粧品通販ブランドコスメ,ClGFHylupt0,500x500
A/O ユースグロー クレンジング オイル/化粧品通販ブランドコスメ,HjbZ4XXnWDg,500x500
リップ ラッカーリュクス /化粧品通販ブランドコスメ,AcU1XyrkZzw,500x500
アイ カラークォード /化粧品通販ブランドコスメ,_8AhyPcWfB4,500x500
フローレス エーテル フルイド ファンデーション SPF36/化粧品通販ブランドコスメ,43ERDLtTet8,500x500
ファンデーション/化粧品通販ブランドコスメ,HNhk4YRUX-s,500x500
ジェノプティクス ウルトオーラ エッセンス/化粧品通販ブランドコスメ,cY3e7vgOx7w,500x500
アンリミテッドラスティングフルイド SPF 24/化粧品通販ブランドコスメ,nGDJHioKR1s,500x500
リキッドファンデーション SPF 14 PA/化粧品通販ブランドコスメ,dri2CcRJwK4,500x500
メイクアップ ベース/化粧品通販ブランドコスメ,Lfj5u9OPMsM,500x500
ラディエント クリーミー コンシーラー/化粧品通販ブランドコスメ,hUXyRWMcEkI,500x500
ミネラライズ スキン フィニッシュ ナチュラル/化粧品通販ブランドコスメ,4dfL4p3up2M,500x500
ダブル ウェア ステイ イン プレイス メークアップ /化粧品通販ブランドコスメ,sIp2abcGtEM,500x500
スタジオフィックスフルイドSPF15/化粧品通販ブランドコスメ,14QZdmK9juA,500x500
ピュア キャンバス プライマー プロテクティング/化粧品通販ブランドコスメ,ctmFn3fnpos,500x500
ラブソル ルージュ ラ ベース ロージー/化粧品通販ブランドコスメ,aIt5KSAsexw,500x500
ムッシュ ビッグ ヴォリューム マスカラ/化粧品通販ブランドコスメ,tMzD2KGous4,500x500
ジェニフィック アドバンスド ユース アクティベート コンセントレート /化粧品通販ブランドコスメ,jRDF6jxrit4,500x500
ヴィジョネア セラム/化粧品通販ブランドコスメ,di-HsUKxfKA,500x500
イプノーズ ドールアイズ/化粧品通販ブランドコスメ,C-u5h6OtsKQ,500x500
グランディオーズ/化粧品通販ブランドコスメ,OqP26Mbno4U,500x500
クレーム　ドゥ　ラメール/化粧品通販ブランドコスメ,OvHNkr9UCIM,500x500
ラッシュクイーンセクシーブラックマスカラ/化粧品通販ブランドコスメ,M7uCl7pN9io,500x500
メテリオット バーズ/化粧品通販ブランドコスメ,xIz-9jdxHFQ,500x500
アドバンスド ナイト リペア アイ コンセントレイト マトリックス /化粧品通販ブランドコスメ,nMRnkioCAt0,500x500
ラディアントタッチ/化粧品通販ブランドコスメ,RhcuXYbvkUo,500x500
ルージュ ヴォリュプテ シャイン/化粧品通販ブランドコスメ,COSCk3ENe6I,500x500
シークレットブライトニングパウダー/化粧品通販ブランドコスメ,hPpco9hIuzw,500x500
クラリファイング ローション 2 /化粧品通販ブランドコスメ,OY8ESIi1_SE,500x500
モイスチャーサージ 72/化粧品通販ブランドコスメ,4z7ftGHnQ7w,500x500
チークポップ/化粧品通販ブランドコスメ,3HRMl915Wsg,500x500
コンフォート リップオイル/化粧品通販ブランドコスメ,SqhE1cMH0K8,500x500
ミルキー ムース リップ/化粧品通販ブランドコスメ,e6y0ZLObo_c,500x500
フィックス メイクアップ/化粧品通販ブランドコスメ,k2_0RSPhqws,500x500
ダブル セーラム EX/化粧品通販ブランドコスメ,FdE-4d2I2SU,500x500
ディオール アディクト リップ マキシマイザー/化粧品通販ブランドコスメ,E3qpbFfq4RU,500x500
ルージュ ディオール クチュール カラー コンフォート & ウェア マット リップスティック/化粧品通販ブランドコスメ,GDF4M3mn7Tg,500x500
レ キャトル オンブル/化粧品通販ブランドコスメ,R-IQ5zUKL1g,500x500
リュクス アイシャドウ/化粧品通販ブランドコスメ,OlrU10u8vO4,500x500
クラッシュド リップ カラー/化粧品通販ブランドコスメ,9hzqmLa18iw,500x500
ハイライティング パウダー/化粧品通販ブランドコスメ,dftMHu5D3m0,500x500
ベランダや窓からの転落防止柵（ネット）【おとうさんゾウ】,oxnw0mvZN6c,300x250
ベランダや窓からの転落防止柵（ネット）【おとうさんゾウ】,k171It2ZNWw,250x250
,_QjwZcwthzM,300x250
,Zm_Pkv5p53Q,300x250
,HE4rukwDsq0,300x250
,OqWdRLpzSPM,300x250
プレミアム全身脱毛「シースリー」,RLznXxpzqUQ,300x250
フィギュア専門のフリーマーケット,Rm__Wq241mw,600x500
フィギュア専門のフリーマーケット,zNIAmNJk3IM,600x500
フィギュア専門のフリーマーケット,nhqcFdF_8jk,600x500
フィギュア専門のフリーマーケット,yftb9LnNOLE,600x500
フィギュア専門のフリーマーケット,OqOlTGFctDQ,600x500
プロの指導で大手企業へ内定しよう,KH76AX31lb8,300x250
プロの指導で大手企業へ内定しよう,wmeuFTnPPBU,300x250
,JH6WafiJwlI,300x250
,e03FrHOetJY,300x250
,uNybm80RpBU,300x250
,aIwzpgP3PvY,300x250
,Bs0npiRkJvk,300x250
,ZmkGRTTnmhY,300x250
無料HP制作のご相談はこちらから,XBcSDv2DQsA,250x250
無料HP制作のご相談はこちらから,X1mBYG-2V3M,300x250
,8TVf1L36CwE,300x250
,MaKvTCb96HA,300x250
,B50Mp9gYCH8,300x250
,1085iWAOcmQ,300x250
,kiVn49FufvY,300x250
司法書士法人杉山事務所・相談申し込み完了,wgvJnJCn34s,300x250
司法書士法人杉山事務所・相談申し込み完了,0L2kFkIGz08,500x500
司法書士法人杉山事務所・相談申し込み完了,LLL8hbo9ZnQ,200x200
史上初！温活もできる葉酸サプリmitas,SMW8C_jTgys,600x500
史上初！温活もできる葉酸サプリmitas,MlW6jcC__1k,600x500
史上初！温活もできる葉酸サプリmitas,GMp-dxvR_5g,600x500
史上初！温活もできる葉酸サプリmitas,e1R-2vX3zxM,250x250
史上初！温活もできる葉酸サプリmitas,3di85gOrYn4,200x200
エンジニアの転職ならKaguya,wTaimhUloQk,300x250
ハイクラス転職ならSamurai Job,A9KR0vklPIs,300x250
解体　300×200,mgHd4c_vr-c,300x200
解体　300×200,z1WsXnW1OKY,300x200
内装工事サポート,pJ0EdpUEe3k,300x200
内装工事サポート,CSmnteS-LWg,300x200
体験レッスンお申込みはこちら,h7YJKyOv0Dc,300x250
置き換えダイエットには、玄米麹スムージー,rRbTSgGSLvE,300x250
マネートラックに無料登録,DnJND-shj0o,300x250
マネートラックでアフィリエイト,Ixjk5okAThA,250x250
今なら審査なしで登録できる！,HviLena7XHw,200x200
,MiqxteeCj_w,300x250
,L4w4s-Jtwwg,300x250
,tTO0TbjYuAE,300x250
,YkfpPvSdvdQ,300x250
,XuYA9pBEhtU,300x250
,a18lNSqbsxc,300x250
,-R9-OUmWLkI,300x250
マネートラックに無料登録,oGulHxW8uTs,300x250
,MCkG7Y-LpAU,300x250
,4TS7fcWgjm4,200x200
,uP8dtDkcEr8,250x250
マネートラックでアフィリエイト,Toai7QPpjoM,300x250
マネートラックでアフィリエイト,n0ghJqYQ9P4,250x250
マネートラックでアフィリエイト,1FrEs6SLuPk,200x200
